Rank,Company Name,Country,Number of Employees,"Previous 
Rank","Revenues
($millions)","Revenue 
Change","Profits
($millions)","Profit 
Change","Assets
($millions)"
1,Walmart,U.S.,"2,100,000",1,"$611,289 ",6.70%,"$11,680 ",-14.60%,"$243,197 "
2,Saudi Aramco,Saudi Arabia,"70,496",6,"$603,651 ",50.80%,"$159,069 ",51.00%,"$663,541 "
3,State Grid,China,"870,287",3,"$530,009 ",15.10%,"$8,192 ",14.80%,"$710,763 "
4,Amazon,U.S.,"1,541,000",2,"$513,983 ",9.40%,"($2,722)",-108.20%,"$462,675 "
5,China National Petroleum,China,"1,087,049",4,"$483,019 ",17.30%,"$21,080 ",118.70%,"$637,223 "
6,Sinopec Group,China,"527,487",5,"$471,154 ",17.40%,"$9,657 ",16.10%,"$368,751 "
7,Exxon Mobil,U.S.,"62,000",12,"$413,680 ",44.80%,"$55,740 ",141.90%,"$369,067 "
8,Apple,U.S.,"164,000",7,"$394,328 ",7.80%,"$99,803 ",5.40%,"$352,755 "
9,Shell,Britain,"93,000",15,"$386,201 ",41.60%,"$42,309 ",110.50%,"$443,024 "
10,UnitedHealth Group,U.S.,"400,000",11,"$324,162 ",12.70%,"$20,120 ",16.40%,"$245,705 "
11,CVS Health,U.S.,"259,500",10,"$322,467 ",10.40%,"$4,149 ",-47.50%,"$228,275 "
12,Trafigura Group,Singapore,"12,347",19,"$318,476 ",37.70%,"$6,994 ",125.60%,"$98,634 "
13,China State Construction Engineering,China,"382,492",9,"$305,885 ",4.10%,"$4,234 ",-4.70%,"$386,249 "
14,Berkshire Hathaway,U.S.,"383,000",14,"$302,089 ",9.40%,"($22,819)",-125.40%,"$948,452 "
15,Volkswagen,Germany,"675,805",8,"$293,685 ",-0.70%,"$15,223 ",-16.30%,"$602,612 "
16,Uniper,Germany,"7,008",-,"$288,309 ",-,"($19,961)",-,"$129,616 "
17,Alphabet,U.S.,"190,234",17,"$282,836 ",9.80%,"$59,972 ",-21.10%,"$365,264 "
18,McKesson,U.S.,"48,000",16,"$276,711 ",4.80%,"$3,560 ",219.60%,"$62,320 "
19,Toyota Motor,Japan,"375,235",13,"$274,491 ",-1.70%,"$18,110 ",-28.60%,"$559,765 "
20,TotalEnergies,France,"101,279",27,"$263,310 ",42.60%,"$20,526 ",28.00%,"$303,864 "
21,Glencore,Switzerland,"81,706",23,"$255,984 ",25.60%,"$17,320 ",248.20%,"$132,583 "
22,BP,Britain,"67,600",35,"$248,891 ",51.60%,"($2,487)",-132.90%,"$288,120 "
23,Chevron,U.S.,"43,846",37,"$246,252 ",51.60%,"$35,465 ",127.00%,"$257,709 "
24,AmerisourceBergen,U.S.,"41,500",21,"$238,587 ",11.50%,"$1,699 ",10.30%,"$56,561 "
25,Samsung Electronics,South Korea,"270,372",18,"$234,129 ",-4.20%,"$42,398 ",23.60%,"$356,470 "
26,Costco Wholesale,U.S.,"304,000",26,"$226,954 ",15.80%,"$5,844 ",16.70%,"$64,166 "
27,Hon Hai Precision Industry,Taiwan,"767,062",20,"$222,535 ",3.70%,"$4,751 ",-4.80%,"$134,618 "
28,Industrial & Commercial Bank of China,China,"427,587",22,"$214,766 ",2.80%,"$53,589 ",-0.80%,"$5,742,860 "
29,China Construction Bank,China,"376,682",24,"$202,753 ",1.20%,"$48,145 ",2.70%,"$5,016,806 "
30,Microsoft,U.S.,"221,000",33,"$198,270 ",18.00%,"$72,738 ",18.70%,"$364,840 "
31,Stellantis,Netherlands,"272,367",29,"$188,888 ",6.90%,"$17,669 ",5.20%,"$198,629 "
32,Agricultural Bank of China,China,"452,258",28,"$187,061 ",3.10%,"$38,524 ",3.00%,"$4,919,030 "
33,Ping An Insurance,China,"344,223",25,"$181,566 ",-9.00%,"$12,454 ",-20.90%,"$1,614,738 "
34,Cardinal Health,U.S.,"46,035",36,"$181,364 ",11.60%,($933),-252.70%,"$43,878 "
35,Cigna,U.S.,"70,231",30,"$180,516 ",3.70%,"$6,668 ",24.30%,"$143,932 "
36,Marathon Petroleum,U.S.,"17,800",49,"$180,012 ",27.60%,"$14,516 ",49.10%,"$89,904 "
37,Phillips 66,U.S.,"13,000",74,"$175,702 ",53.00%,"$11,024 ",737.10%,"$76,442 "
38,Sinochem Holdings,China,"223,448",31,"$173,834 ",0.90%,($1),-,"$229,659 "
39,China Railway Engineering Group,China,"314,792",34,"$171,669 ",3.10%,"$2,035 ",9.80%,"$234,956 "
40,Valero Energy,U.S.,"9,743",82,"$171,189 ",58.00%,"$11,528 ",1139.60%,"$60,982 "
41,Gazprom,Russia,"468,000",52,"$167,832 ",21.90%,"$17,641 ",-37.90%,"$352,199 "
42,China National Offshore Oil,China,"81,775",65,"$164,762 ",29.80%,"$16,988 ",85.00%,"$219,416 "
43,China Railway Construction,China,"342,098",39,"$163,037 ",3.10%,"$1,800 ",5.60%,"$221,617 "
44,China Baowu Steel Group,China,"245,675",44,"$161,698 ",7.30%,"$2,493 ",-16.80%,"$179,760 "
45,Mitsubishi,Japan,"79,706",41,"$159,371 ",3.70%,"$8,723 ",4.50%,"$166,889 "
46,Ford Motor,U.S.,"173,000",53,"$158,057 ",15.90%,"($1,981)",-111.00%,"$255,884 "
47,Mercedes-Benz Group,Germany,"168,797",38,"$157,782 ",-0.30%,"$15,252 ",-43.90%,"$277,436 "
48,Home Depot,U.S.,"471,600",43,"$157,403 ",4.10%,"$17,105 ",4.10%,"$76,445 "
49,Bank of China,China,"306,182",42,"$156,924 ",3.00%,"$33,811 ",0.70%,"$4,192,115 "
50,General Motors,U.S.,"167,000",64,"$156,735 ",23.40%,"$9,934 ",-0.80%,"$264,037 "
51,Elevance Health,U.S.,"102,300",50,"$156,595 ",13.00%,"$6,025 ",-1.30%,"$102,772 "
52,JD.com,China,"450,679",46,"$155,533 ",5.40%,"$1,543 ",-,"$86,303 "
53,JPMorgan Chase,U.S.,"293,723",63,"$154,792 ",21.70%,"$37,676 ",-22.10%,"$3,665,743 "
54,China Life Insurance,China,"180,619",40,"$151,487 ",-3.60%,"$6,859 ",122.20%,"$888,306 "
55,Electricité de France,France,"165,028",95,"$150,902 ",51.10%,"($18,869)",-412.10%,"$414,137 "
56,Equinor,Norway,"21,936",114,"$150,806 ",65.90%,"$28,746 ",235.70%,"$158,021 "
57,BMW Group,Germany,"149,475",59,"$149,991 ",14.00%,"$18,870 ",28.90%,"$263,470 "
58,Kroger,U.S.,"430,000",51,"$148,258 ",7.50%,"$2,244 ",35.60%,"$49,623 "
59,Enel,Italy,"65,124",90,"$147,790 ",42.00%,"$1,769 ",-53.10%,"$234,332 "
60,Centene,U.S.,"74,300",66,"$144,547 ",14.70%,"$1,202 ",-10.80%,"$76,870 "
61,ENI,Italy,"32,188",111,"$140,607 ",52.90%,"$14,606 ",112.20%,"$162,323 "
62,China Mobile Communications,China,"452,202",57,"$139,597 ",5.80%,"$14,718 ",0.60%,"$331,724 "
63,China Communications Construction,China,"221,017",60,"$138,270 ",5.80%,"$1,255 ",-10.20%,"$344,369 "
64,Verizon Communications,U.S.,"117,100",54,"$136,835 ",2.40%,"$21,256 ",-3.70%,"$379,680 "
65,China Minmetals,China,"183,298",58,"$133,541 ",1.30%,$877 ,42.20%,"$153,155 "
66,Walgreens Boots Alliance,U.S.,"262,500",45,"$132,703 ",-10.70%,"$4,337 ",70.60%,"$90,124 "
67,Allianz,Germany,"159,253",47,"$129,059 ",-10.70%,"$7,087 ",-9.30%,"$1,089,944 "
68,Alibaba Group Holding,China,"235,216",55,"$126,813 ",-4.60%,"$10,625 ",9.50%,"$255,263 "
69,Xiamen C&D,China,"40,959",77,"$125,971 ",12.90%,$454 ,-59.20%,"$104,907 "
70,Honda Motor,Japan,"197,039",61,"$124,912 ",-3.60%,"$4,813 ",-23.50%,"$185,853 "
71,Petrobras,Brazil,"45,149",128,"$124,474 ",48.20%,"$36,623 ",84.30%,"$187,191 "
72,Shandong Energy Group,China,"232,841",69,"$124,089 ",3.40%,$33 ,-81.20%,"$137,900 "
73,E.ON,Germany,"69,378",112,"$121,646 ",33.00%,"$1,926 ",-65.30%,"$142,988 "
74,China Resources,China,"379,944",70,"$121,643 ",1.70%,"$4,662 ",2.60%,"$331,830 "
75,Fannie Mae,U.S.,"8,000",93,"$121,596 ",19.70%,"$12,923 ",-41.70%,"$4,305,288 "
76,China Energy Investment,China,"310,753",85,"$121,584 ",13.50%,"$5,699 ",4.50%,"$281,587 "
77,Comcast,U.S.,"186,000",73,"$121,427 ",4.30%,"$5,370 ",-62.10%,"$257,275 "
78,AT&T,U.S.,"160,700",32,"$120,741 ",-28.50%,"($8,524)",-142.40%,"$402,853 "
79,Deutsche Telekom,Germany,"206,759",62,"$120,108 ",-6.60%,"$8,415 ",70.40%,"$318,596 "
80,Pemex,Mexico,"120,054",166,"$118,537 ",60.70%,"$4,994 ",-,"$115,262 "
81,Meta Platforms,U.S.,"86,482",71,"$116,609 ",-1.10%,"$23,200 ",-41.10%,"$185,727 "
82,Bank of America,U.S.,"216,823",105,"$115,053 ",22.60%,"$27,528 ",-13.90%,"$3,051,375 "
83,China Southern Power Grid,China,"271,202",89,"$113,674 ",9.20%,"$1,516 ",16.20%,"$166,026 "
84,SAIC Motor,China,"154,863",68,"$110,612 ",-8.50%,"$2,396 ",-37.00%,"$143,552 "
85,Hyundai Motor,South Korea,"72,689",92,"$110,412 ",7.40%,"$5,705 ",32.10%,"$203,299 "
86,China Post Group,China,"752,547",81,"$110,271 ",1.50%,"$4,897 ",-18.20%,"$2,131,968 "
87,COFCO,China,"103,537",91,"$110,222 ",6.90%,"$1,766 ",17.90%,"$100,848 "
88,Reliance Industries,India,"376,000",104,"$109,523 ",16.50%,"$8,307 ",1.90%,"$208,710 "
89,Engie,France,"96,454",130,"$109,175 ",30.60%,$227 ,-94.80%,"$251,268 "
90,Target,U.S.,"440,000",87,"$109,120 ",2.90%,"$2,780 ",-60.00%,"$53,335 "
91,AXA,France,"90,443",48,"$109,067 ",-24.50%,"$7,021 ",-18.60%,"$743,376 "
92,SK,South Korea,"124,499",117,"$105,959 ",20.30%,$851 ,-50.60%,"$154,620 "
93,Mitsui,Japan,"46,811",88,"$105,694 ",1.00%,"$8,353 ",2.60%,"$115,873 "
94,Indian Oil,India,"32,791",142,"$105,349 ",32.40%,"$1,219 ",-63.80%,"$53,808 "
95,Xiamen ITG Holding Group,China,"32,856",106,"$103,090 ",9.90%,$290 ,-24.50%,"$46,715 "
96,Itochu,Japan,"133,051",78,"$103,029 ",-5.90%,"$5,914 ",-19.00%,"$98,777 "
97,Dell Technologies,U.S.,"133,000",86,"$102,301 ",-4.40%,"$2,442 ",-56.10%,"$89,611 "
98,Archer Daniels Midland,U.S.,"41,181",124,"$101,556 ",19.10%,"$4,340 ",60.20%,"$59,774 "
99,Citigroup,U.S.,"238,104",141,"$101,078 ",26.60%,"$14,845 ",-32.40%,"$2,416,676 "
100,CITIC Group,China,"172,761",102,"$100,769 ",4.80%,"$3,904 ",-20.20%,"$1,536,521 "
101,United Parcel Service,U.S.,"404,700",97,"$100,338 ",3.10%,"$11,548 ",-10.40%,"$71,124 "
102,Pfizer,U.S.,"83,000",137,"$100,330 ",23.40%,"$31,372 ",42.70%,"$197,205 "
103,Deutsche Post DHL Group,Germany,"554,975",99,"$99,324 ",2.80%,"$5,636 ",-5.70%,"$72,853 "
104,Banco Santander,Spain,"204,300",146,"$99,231 ",26.10%,"$10,102 ",5.20%,"$1,850,881 "
105,PowerChina,China,"182,424",100,"$99,020 ",2.70%,$621 ,-8.60%,"$187,768 "
106,Nestlé,Switzerland,"275,000",103,"$98,931 ",3.80%,"$9,712 ",-47.50%,"$146,174 "
107,Life Insurance Corp. of India,India,"104,036",98,"$98,535 ",1.30%,"$4,483 ",709.40%,"$557,673 "
108,Lowe's,U.S.,"244,500",101,"$97,059 ",0.80%,"$6,437 ",-23.80%,"$43,708 "
109,Nippon Telegraph and Telephone,Japan,"338,651",83,"$97,049 ",-10.30%,"$8,962 ",-14.80%,"$190,665 "
110,PTT,Thailand,"30,628",177,"$96,162 ",36.10%,"$2,604 ",-23.20%,"$98,832 "
111,Huawei Investment & Holding,China,"207,000",96,"$95,490 ",-3.30%,"$5,283 ",-70.00%,"$154,237 "
112,Johnson & Johnson,U.S.,"152,700",107,"$94,943 ",1.20%,"$17,941 ",-14.10%,"$187,378 "
113,Sinopharm,China,"201,508",80,"$94,075 ",-13.50%,"$1,101 ",-91.00%,"$81,654 "
114,FedEx,U.S.,"518,249",129,"$93,512 ",11.40%,"$3,826 ",-26.90%,"$85,994 "
115,COSCO Shipping,China,"107,793",127,"$93,181 ",10.80%,"$6,233 ",-2.90%,"$161,552 "
116,Humana,U.S.,"67,100",132,"$92,870 ",11.80%,"$2,806 ",-4.30%,"$43,055 "
117,Brookfield,Canada,"202,500",158,"$92,769 ",22.50%,"$2,056 ",-48.20%,"$441,284 "
118,Bosch Group,Germany,"421,338",108,"$92,766 ",-0.40%,"$1,367 ",-42.60%,"$106,964 "
119,BASF,Germany,"111,481",109,"$91,847 ",-1.20%,($660),-110.10%,"$90,132 "
120,People's Insurance Co. of China,China,"177,852",110,"$91,535 ",-0.70%,"$3,639 ",9.30%,"$218,805 "
121,Royal Ahold Delhaize,Netherlands,"249,000",115,"$91,486 ",2.40%,"$2,678 ",0.80%,"$51,808 "
122,ENEOS Holdings,Japan,"44,617",140,"$91,437 ",14.10%,"$1,062 ",-77.80%,"$74,993 "
123,Hengli Group,China,"170,125",75,"$90,944 ",-19.90%,$356 ,-85.00%,"$48,633 "
124,Amer International Group,China,"23,175",76,"$90,498 ",-19.20%,"$1,497 ",-25.60%,"$31,835 "
125,Carrefour,France,"334,640",119,"$90,062 ",2.50%,"$1,418 ",11.90%,"$60,340 "
126,Energy Transfer,U.S.,"12,565",184,"$89,876 ",33.30%,"$4,756 ",-13.10%,"$105,643 "
127,BNP Paribas,France,"193,122",123,"$89,564 ",5.00%,"$10,724 ",-4.40%,"$2,845,023 "
128,State Farm Insurance,U.S.,"60,519",135,"$89,328 ",8.60%,"($6,654)",-619.50%,"$318,243 "
129,Seven & I Holdings,Japan,"125,701",147,"$88,078 ",12.30%,"$2,095 ",10.90%,"$77,461 "
130,HSBC Holdings,Britain,"219,199",149,"$87,807 ",13.50%,"$16,035 ",15.20%,"$2,966,530 "
131,China FAW Group,China,"119,487",79,"$87,679 ",-19.90%,"$3,846 ",6.80%,"$86,465 "
132,China Telecommunications,China,"392,726",131,"$87,166 ",4.30%,"$2,061 ",6.50%,"$151,749 "
133,Freddie Mac,U.S.,"7,819",191,"$86,717 ",31.60%,"$9,327 ",-23.00%,"$3,208,333 "
134,Crédit Agricole,France,"72,758",84,"$86,471 ",-19.70%,"$5,718 ",-17.20%,"$2,312,852 "
135,PepsiCo,U.S.,"315,000",143,"$86,392 ",8.70%,"$8,910 ",17.00%,"$92,187 "
136,Zhejiang Rongsheng Holding Group,China,"23,316",180,"$86,166 ",24.00%,$170 ,-85.50%,"$56,816 "
137,Assicurazioni Generali,Italy,"82,061",72,"$85,750 ",-26.80%,"$3,063 ",-9.00%,"$553,827 "
138,Wuchan Zhongda Group,China,"24,247",120,"$85,710 ",-1.70%,$581 ,-5.90%,"$21,030 "
139,Petronas,Malaysia,"49,771",216,"$85,365 ",42.60%,"$20,999 ",108.10%,"$161,493 "
140,Sony,Japan,"112,994",116,"$85,255 ",-3.50%,"$6,923 ",-11.80%,"$241,383 "
141,Pertamina,Indonesia,"33,596",223,"$84,888 ",47.60%,"$3,807 ",86.10%,"$87,811 "
142,XMXYG,China,"15,364",160,"$83,639 ",11.40%,$300 ,-26.80%,"$42,458 "
143,Christian Dior,France,"180,597",156,"$83,283 ",9.70%,"$6,097 ",4.30%,"$140,792 "
144,Wells Fargo,U.S.,"238,000",134,"$82,859 ",0.50%,"$13,182 ",-38.80%,"$1,881,016 "
145,Walt Disney,U.S.,"195,800",183,"$82,722 ",22.70%,"$3,145 ",57.60%,"$203,631 "
146,China North Industries Group,China,"216,339",136,"$82,689 ",1.10%,"$1,788 ",2.70%,"$75,355 "
147,Tencent Holdings,China,"108,436",121,"$82,440 ",-5.10%,"$27,984 ",-19.70%,"$228,808 "
148,Japan Post Holdings,Japan,"227,369",94,"$82,291 ",-17.90%,"$3,185 ",-28.70%,"$2,230,764 "
149,ConocoPhillips,U.S.,"9,500",284,"$82,156 ",69.90%,"$18,680 ",131.20%,"$93,829 "
150,Aviation Industry Corp. of China,China,"383,000",144,"$81,671 ",2.90%,"$1,528 ",78.70%,"$185,527 "
151,Maersk Group,Denmark,"104,260",206,"$81,529 ",32.00%,"$29,198 ",62.70%,"$93,680 "
152,Tesla,U.S.,"127,855",242,"$81,462 ",51.40%,"$12,556 ",127.50%,"$82,338 "
153,Hitachi,Japan,"322,525",113,"$80,389 ",-12.00%,"$4,796 ",-7.70%,"$94,180 "
154,Procter & Gamble,U.S.,"106,000",154,"$80,187 ",5.30%,"$14,742 ",3.00%,"$117,208 "
155,ArcelorMittal,Luxembourg,"154,352",153,"$79,844 ",4.30%,"$9,302 ",-37.80%,"$94,547 "
156,Tesco,Britain,"222,306",126,"$79,687 ",-5.40%,$903 ,-55.60%,"$55,843 "
157,Pacific Construction Group,China,"301,565",150,"$79,478 ",3.10%,"$5,188 ",-7.30%,"$55,154 "
158,Oil & Natural Gas,India,"37,047",190,"$78,746 ",19.40%,"$4,414 ",-27.80%,"$74,851 "
159,U.S. Postal Service,U.S.,"576,065",151,"$78,620 ",2.00%,"$56,046 ",-,"$46,115 "
160,Nissan Motor,Japan,"139,418",161,"$78,287 ",4.40%,"$1,639 ",-14.60%,"$132,579 "
161,Bank of Communications,China,"91,823",155,"$78,213 ",2.90%,"$13,699 ",0.90%,"$1,883,724 "
162,Siemens,Germany,"311,000",159,"$77,860 ",3.10%,"$4,027 ",-45.30%,"$148,184 "
163,Jinneng Holding Group,China,"470,839",163,"$77,761 ",4.30%,$359 ,-,"$160,235 "
164,Albertsons,U.S.,"198,650",170,"$77,650 ",8.00%,"$1,514 ",-6.60%,"$26,168 "
165,Guangzhou Automobile Industry Group,China,"119,425",186,"$77,345 ",15.50%,$623 ,2.60%,"$57,256 "
166,Aluminum Corp. of China,China,"130,416",139,"$76,946 ",-4.30%,"$1,698 ",21.30%,"$90,619 "
167,General Electric,U.S.,"172,000",165,"$76,555 ",3.20%,$225 ,-,"$187,788 "
168,Taiwan Semiconductor Manufacturing,Taiwan,"73,090",225,"$76,022 ",33.80%,"$33,343 ",57.20%,"$161,661 "
169,Shaanxi Coal & Chemical Industry,China,"138,047",209,"$75,871 ",23.80%,"$1,386 ",132.40%,"$104,788 "
170,Munich Re Group,Germany,"41,389",133,"$75,747 ",-8.80%,"$3,610 ",4.10%,"$318,574 "
171,Jiangxi Copper,China,"33,248",176,"$74,927 ",5.70%,$464 ,-0.10%,"$30,396 "
172,Shandong Weiqiao Pioneering Group,China,"98,100",199,"$74,923 ",17.50%,$931 ,-47.00%,"$37,309 "
173,China Vanke,China,"131,817",178,"$74,901 ",6.70%,"$3,362 ",-3.70%,"$254,765 "
174,Wilmar International,Singapore,"100,000",192,"$73,399 ",11.60%,"$2,403 ",27.10%,"$60,402 "
175,China Merchants Group,China,"276,019",152,"$73,283 ",-4.50%,"$8,474 ",-0.60%,"$381,608 "
176,Toyota Tsusho,Japan,"66,944",172,"$72,760 ",1.80%,"$2,099 ",6.10%,"$48,042 "
177,JBS,Brazil,"260,000",194,"$72,626 ",11.70%,"$2,995 ",-21.20%,"$39,370 "
178,Repsol,Spain,"23,426",251,"$72,536 ",38.60%,"$4,471 ",51.30%,"$63,982 "
179,China Merchants Bank,China,"112,999",174,"$72,317 ",1.80%,"$20,517 ",10.40%,"$1,470,004 "
180,BHP Group,Australia,"39,210",213,"$71,502 ",17.60%,"$30,900 ",173.40%,"$95,166 "
181,Nippon Life Insurance,Japan,"88,528",164,"$71,213 ",-4.30%,$873 ,-71.70%,"$659,896 "
182,Dai-ichi Life Holdings,Japan,"60,997",167,"$70,329 ",-3.80%,"$1,421 ",-61.00%,"$463,906 "
183,MetLife,U.S.,"45,000",173,"$69,898 ",-1.70%,"$2,539 ",-61.30%,"$666,611 "
184,Roche Group,Switzerland,"103,613",169,"$69,596 ",-3.40%,"$13,014 ",-14.60%,"$95,319 "
185,Goldman Sachs Group,U.S.,"48,500",195,"$68,711 ",5.70%,"$11,261 ",-48.00%,"$1,441,799 "
186,Sysco,U.S.,"70,510",261,"$68,636 ",33.80%,"$1,359 ",159.20%,"$22,086 "
187,Mitsubishi UFJ Financial Group,Japan,"127,122",240,"$68,567 ",26.80%,"$8,249 ",-18.10%,"$2,913,963 "
188,Dongfeng Motor,China,"134,637",122,"$68,416 ",-20.60%,"$1,211 ",-15.90%,"$73,288 "
189,AEON,Japan,"369,404",148,"$67,985 ",-13.00%,$159 ,173.40%,"$90,607 "
190,Marubeni,Japan,"49,546",157,"$67,898 ",-10.40%,"$4,012 ",6.20%,"$59,919 "
191,China Poly Group,China,"118,007",181,"$67,696 ",-1.90%,"$1,288 ",-36.70%,"$265,106 "
192,China Pacific Insurance (Group),China,"104,502",182,"$67,696 ",-0.90%,"$3,658 ",-12.10%,"$315,534 "
193,Beijing Automotive Group,China,"95,000",162,"$67,282 ",-9.90%,$296 ,-6.90%,"$68,342 "
194,Bunge,U.S.,"23,000",219,"$67,232 ",13.70%,"$1,610 ",-22.50%,"$24,580 "
195,RTX,U.S.,"182,000",197,"$67,074 ",4.20%,"$5,197 ",34.50%,"$158,864 "
196,Kia,South Korea,"35,847",212,"$67,055 ",9.80%,"$4,191 ",0.70%,"$58,596 "
197,Boeing,U.S.,"156,000",204,"$66,608 ",6.90%,"($4,935)",-,"$137,100 "
198,StoneX Group,U.S.,"3,615",327,"$66,036 ",55.30%,$207 ,78.10%,"$19,860 "
199,Lockheed Martin,U.S.,"116,000",185,"$65,984 ",-1.60%,"$5,732 ",-9.20%,"$52,880 "
200,Morgan Stanley,U.S.,"82,427",211,"$65,936 ",7.90%,"$11,029 ",-26.60%,"$1,180,231 "
201,POSCO Holdings,South Korea,"38,175",188,"$65,850 ",-0.90%,"$2,446 ",-57.60%,"$78,716 "
202,Vinci,France,"271,648",218,"$65,750 ",10.70%,"$4,479 ",45.90%,"$119,494 "
203,OMV Group,Austria,"22,308",330,"$65,523 ",55.90%,"$3,897 ",50.70%,"$60,210 "
204,LG Electronics,South Korea,"74,000",187,"$64,953 ",-2.90%,$927 ,2.80%,"$43,846 "
205,Greenland Holding Group,China,"70,177",125,"$64,802 ",-23.30%,$150 ,-84.30%,"$197,953 "
206,Country Garden Holdings,China,"69,932",138,"$63,979 ",-21.10%,($900),-121.70%,"$252,924 "
207,Itaú Unibanco Holding,Brazil,"101,094",333,"$63,884 ",55.20%,"$5,755 ",16.00%,"$439,546 "
208,Société Générale,France,"115,466",220,"$63,417 ",7.40%,"$2,122 ",-68.20%,"$1,586,435 "
209,China Huaneng Group,China,"124,588",215,"$63,284 ",5.40%,"$1,125 ",65.10%,"$205,184 "
210,Unilever,Britain,"127,056",205,"$63,182 ",1.90%,"$8,038 ",12.40%,"$83,035 "
211,Intel,U.S.,"131,900",145,"$63,054 ",-20.20%,"$8,014 ",-59.70%,"$182,103 "
212,BYD,China,"570,060",436,"$63,041 ",92.40%,"$2,471 ",423.40%,"$71,603 "
213,HP,U.S.,"58,000",202,"$62,983 ",-0.80%,"$3,203 ",-50.70%,"$38,587 "
214,Alimentation Couche-Tard,Canada,"122,000",308,"$62,810 ",37.30%,"$2,683 ",-0.80%,"$29,592 "
215,TD Synnex,U.S.,"28,500",451,"$62,344 ",97.20%,$651 ,64.90%,"$29,734 "
216,PKN ORLEN Group,Poland,"64,494",424,"$62,326 ",83.20%,"$7,520 ",161.00%,"$62,060 "
217,Lenovo Group,China,"77,000",171,"$61,947 ",-13.50%,"$1,608 ",-20.80%,"$38,920 "
218,Panasonic Holdings,Japan,"233,391",193,"$61,903 ",-5.90%,"$1,962 ",-13.70%,"$60,717 "
219,Airbus,Netherlands,"134,267",207,"$61,805 ",0.20%,"$4,467 ",-10.30%,"$123,712 "
220,Accenture,Ireland,"721,000",268,"$61,594 ",21.90%,"$6,877 ",16.40%,"$47,263 "
221,Idemitsu Kosan,Japan,"16,795",250,"$61,424 ",17.40%,"$1,874 ",-24.70%,"$36,653 "
222,Shenghong Holding Group,China,"39,059",241,"$61,251 ",13.50%,$428 ,-54.60%,"$29,893 "
223,Industrial Bank,China,"69,840",208,"$60,962 ",-0.50%,"$13,584 ",6.00%,"$1,343,541 "
224,IBM,U.S.,"303,100",168,"$60,530 ",-16.30%,"$1,639 ",-71.50%,"$127,243 "
225,Zhejiang Geely Holding Group,China,"131,517",229,"$60,396 ",8.10%,$945 ,-35.80%,"$81,291 "
226,HCA Healthcare,U.S.,"250,500",221,"$60,233 ",2.50%,"$5,643 ",-18.90%,"$52,438 "
227,Prudential Financial,U.S.,"39,583",175,"$60,050 ",-15.30%,"($1,438)",-118.60%,"$689,917 "
228,Louis Dreyfus,Netherlands,"16,300",276,"$59,931 ",20.90%,"$1,006 ",44.30%,"$21,613 "
229,HBIS Group,China,"99,807",189,"$59,563 ",-10.00%,$50 ,-77.50%,"$78,229 "
230,Caterpillar,U.S.,"109,100",265,"$59,427 ",16.60%,"$6,705 ",3.30%,"$81,943 "
231,Merck,U.S.,"68,000",262,"$59,283 ",15.80%,"$14,519 ",11.30%,"$109,160 "
232,Deutsche Bahn,Germany,"324,136",230,"$59,210 ",6.40%,($262),-,"$81,415 "
233,Bharat Petroleum,India,"9,193",295,"$59,114 ",26.10%,$265 ,-83.10%,"$22,912 "
234,World Kinect,U.S.,"5,214",455,"$59,043 ",88.40%,$114 ,54.80%,"$8,165 "
235,State Bank of India,India,"235,858",236,"$58,951 ",7.90%,"$6,930 ",45.90%,"$725,264 "
236,Nippon Steel Corporation,Japan,"114,029",214,"$58,923 ",-2.80%,"$5,127 ",-9.60%,"$72,074 "
237,Energie Baden-Wurttemberg,Germany,"25,339",368,"$58,901 ",55.00%,"$1,828 ",325.70%,"$74,160 "
238,New York Life Insurance,U.S.,"15,050",263,"$58,445 ",14.20%,"($1,127)",-506.60%,"$392,126 "
239,Enterprise Products Partners,U.S.,"7,300",343,"$58,186 ",42.60%,"$5,490 ",18.40%,"$68,108 "
240,AbbVie,U.S.,"50,000",227,"$58,054 ",3.30%,"$11,836 ",2.50%,"$138,805 "
241,Anheuser-Busch InBev,Belgium,"166,632",239,"$57,786 ",6.40%,"$5,969 ",27.80%,"$212,943 "
242,Tokyo Electric Power,Japan,"38,007",290,"$57,616 ",21.90%,($913),-1919.20%,"$102,178 "
243,Plains GP Holdings,U.S.,"4,100",329,"$57,342 ",36.30%,$168 ,180.00%,"$29,207 "
244,Zhejiang Hengyi Group,China,"21,261",264,"$57,332 ",12.20%,($153),-189.30%,"$19,554 "
245,Dow,U.S.,"37,800",235,"$56,902 ",3.50%,"$4,582 ",-27.40%,"$60,603 "
246,Iberdrola,Spain,"40,090",304,"$56,741 ",22.70%,"$4,564 ",-0.60%,"$165,030 "
247,China National Building Material Group,China,"208,857",196,"$56,514 ",-12.30%,$629 ,4.30%,"$101,920 "
248,American International Group,U.S.,"26,200",255,"$56,437 ",8.40%,"$10,276 ",9.50%,"$526,634 "
249,Talanx,Germany,"23,669",244,"$56,029 ",4.90%,"$1,233 ",3.10%,"$206,073 "
250,Sberbank,Russia,"210,661",270,"$55,877 ",11.10%,"$3,959 ",-76.70%,"$564,401 "
251,Banco do Brasil,Brazil,"85,953",465,"$55,870 ",82.60%,"$5,353 ",57.40%,"$379,820 "
252,China Electronics Technology Group,China,"235,912",233,"$55,848 ",0.70%,"$2,665 ",23.90%,"$86,146 "
253,American Express,U.S.,"77,300",320,"$55,625 ",27.40%,"$7,514 ",-6.80%,"$228,354 "
254,Rio Tinto Group,Britain,"53,726",201,"$55,554 ",-12.50%,"$12,420 ",-41.10%,"$96,744 "
255,Publix Super Markets,U.S.,"242,000",283,"$54,942 ",13.50%,"$2,918 ",-33.90%,"$31,047 "
256,China Energy Engineering Group,China,"116,263",269,"$54,890 ",9.00%,$545 ,-9.30%,"$98,548 "
257,Tsingshan Holding Group,China,"100,982",238,"$54,711 ",0.30%,"$1,457 ",-38.90%,"$20,139 "
258,Korea Electric Power,South Korea,"49,237",249,"$54,650 ",4.40%,"($18,954)",-,"$186,655 "
259,Koç Holding,Turkey,"114,677",357,"$54,467 ",39.60%,"$4,216 ",146.60%,"$84,577 "
260,Shanghai Pudong Development Bank,China,"64,731",226,"$54,028 ",-4.90%,"$7,607 ",-7.40%,"$1,262,056 "
261,Charter Communications,U.S.,"101,700",259,"$54,022 ",4.50%,"$5,055 ",8.60%,"$144,523 "
262,State Power Investment,China,"123,401",260,"$54,022 ",4.90%,$744 ,-,"$229,339 "
263,Saint-Gobain,France,"155,685",252,"$53,847 ",3.10%,"$3,158 ",6.00%,"$59,087 "
264,Daimler Truck Holding,Germany,"102,888",-,"$53,582 ",-,"$2,803 ",-,"$68,255 "
265,Bayer,Germany,"101,369",254,"$53,365 ",2.40%,"$4,365 ",269.20%,"$133,244 "
266,Tyson Foods,U.S.,"142,000",292,"$53,282 ",13.20%,"$3,238 ",6.30%,"$36,821 "
267,China United Network Communications,China,"244,508",267,"$52,766 ",3.80%,"$1,085 ",11.00%,"$93,471 "
268,Deere,U.S.,"82,239",318,"$52,577 ",19.40%,"$7,131 ",19.60%,"$90,030 "
269,Shaanxi Yanchang Petroleum (Group),China,"129,525",257,"$52,224 ",0.80%,$870 ,59.40%,"$70,896 "
270,Royal Bank of Canada,Canada,"91,427",307,"$52,062 ",13.20%,"$12,265 ",-3.80%,"$1,405,792 "
271,Novartis,Switzerland,"101,703",248,"$51,828 ",-2.00%,"$6,955 ",-71.00%,"$117,453 "
272,China State Shipbuilding,China,"204,497",243,"$51,799 ",-3.50%,"$2,710 ",3.80%,"$136,965 "
273,Banco Bradesco,Brazil,"81,222",439,"$51,587 ",58.50%,"$4,066 ",-5.40%,"$340,449 "
274,Cisco Systems,U.S.,"83,300",274,"$51,557 ",3.50%,"$11,812 ",11.50%,"$94,002 "
275,Nationwide,U.S.,"24,791",289,"$51,450 ",8.60%,$988 ,-38.90%,"$264,511 "
276,Allstate,U.S.,"54,250",246,"$51,412 ",-3.40%,"($1,311)",-182.00%,"$97,957 "
277,Cenovus Energy,Canada,"5,998",384,"$51,406 ",39.00%,"$4,956 ",958.50%,"$41,241 "
278,Midea Group,China,"166,243",245,"$51,393 ",-3.50%,"$4,393 ",-0.80%,"$61,265 "
279,Sinomach,China,"125,370",224,"$51,126 ",-11.00%,($409),-189.20%,"$51,583 "
280,Delta Air Lines,U.S.,"95,000",478,"$50,582 ",69.20%,"$1,318 ",370.70%,"$72,288 "
281,LyondellBasell Industries,Netherlands,"19,300",305,"$50,451 ",9.30%,"$3,882 ",-30.80%,"$36,365 "
282,Sumitomo,Japan,"78,221",279,"$50,370 ",3.00%,"$4,176 ",1.20%,"$76,136 "
283,Ansteel Group,China,"163,992",217,"$50,041 ",-15.80%,$608 ,-46.70%,"$69,740 "
284,Liberty Mutual Insurance Group,U.S.,"50,000",285,"$49,956 ",3.60%,$414 ,-86.50%,"$160,316 "
285,TJX,U.S.,"329,000",280,"$49,936 ",2.90%,"$3,498 ",6.60%,"$28,349 "
286,Renault,France,"105,812",237,"$49,924 ",-8.60%,($356),-133.90%,"$126,246 "
287,Progressive,U.S.,"55,063",286,"$49,611 ",4.00%,$722 ,-78.50%,"$75,465 "
288,Edeka Zentrale,Germany,"408,900",256,"$49,481 ",-4.80%,$416 ,0.30%,"$10,396 "
289,Jinchuan Group,China,"28,930",339,"$49,467 ",20.80%,"$1,113 ",15.30%,"$20,862 "
290,Tokio Marine Holdings,Japan,"43,217",253,"$49,119 ",-5.90%,"$2,781 ",-25.70%,"$208,677 "
291,American Airlines Group,U.S.,"129,700",479,"$48,971 ",63.90%,$127 ,-,"$64,716 "
292,Contemporary Amperex Technology,China,"118,914",-,"$48,849 ",141.70%,"$4,568 ",85.00%,"$87,130 "
293,Energi Danmark Group,Denmark,220,-,"$48,717 ",157.50%,"$1,251 ",-,"$5,044 "
294,Toronto-Dominion Bank,Canada,"94,945",366,"$48,700 ",27.20%,"$13,535 ",19.10%,"$1,406,019 "
295,SoftBank Group,Japan,"63,339",234,"$48,542 ",-12.40%,"($7,167)",-,"$330,996 "
296,Hanwha,South Korea,"54,918",306,"$48,245 ",4.50%,"$1,017 ",29.10%,"$167,871 "
297,ING Group,Netherlands,"58,232",425,"$48,062 ",42.00%,"$12,754 ",81.30%,"$1,042,282 "
298,CHS,U.S.,"10,014",362,"$47,792 ",24.30%,"$1,679 ",203.10%,"$18,825 "
299,Sanofi,France,"91,573",303,"$47,738 ",3.10%,"$8,804 ",19.70%,"$135,212 "
300,Groupe BPCE,France,"96,936",282,"$47,723 ",-1.50%,"$4,156 ",-12.20%,"$1,633,720 "
301,Raízen,Brazil,"44,738",398,"$47,721 ",33.10%,$474 ,-19.70%,"$22,001 "
302,Vodafone Group,Britain,"98,103",247,"$47,550 ",-10.20%,"$12,316 ",407.90%,"$169,051 "
303,Denso,Japan,"164,572",278,"$47,292 ",-3.70%,"$2,325 ",-1.10%,"$55,813 "
304,Performance Food Group,U.S.,"34,825",468,"$47,194 ",61.60%,$113 ,176.40%,"$12,378 "
305,HD Hyundai,South Korea,"23,316",-,"$47,138 ",91.60%,"$1,091 ",-,"$52,125 "
306,PBF Energy,U.S.,"3,616",-,"$46,830 ",71.80%,"$2,877 ",1145.40%,"$13,549 "
307,Volvo,Sweden,"94,921",323,"$46,828 ",7.90%,"$3,236 ",-15.30%,"$60,369 "
308,Nike,U.S.,"79,100",313,"$46,710 ",4.90%,"$6,046 ",5.60%,"$40,321 "
309,Bouygues,France,"196,154",314,"$46,696 ",4.90%,"$1,023 ",-23.10%,"$64,655 "
310,Zhejiang Communications Investment Group,China,"41,757",302,"$46,617 ",0.50%,$859 ,-4.30%,"$121,861 "
311,Best Buy,U.S.,"71,100",258,"$46,298 ",-10.60%,"$1,419 ",-42.20%,"$15,803 "
312,Bristol-Myers Squibb,U.S.,"34,300",301,"$46,159 ",-0.50%,"$6,327 ",-9.50%,"$96,820 "
313,Susun Construction Group,China,"151,135",299,"$46,138 ",-0.70%,"$1,357 ",-17.90%,"$32,994 "
314,Ingka Group,Netherlands,"177,192",287,"$46,135 ",-3.00%,$315 ,-83.30%,"$58,116 "
315,ZF Friedrichshafen,Germany,"161,901",310,"$46,068 ",1.70%,$239 ,-69.40%,"$41,553 "
316,Swiss Re,Switzerland,"14,408",296,"$45,998 ",-1.60%,$472 ,-67.20%,"$170,676 "
317,EXOR Group,Netherlands,"80,932",293,"$45,977 ",-2.20%,"$4,446 ",119.00%,"$89,307 "
318,Banco Bilbao Vizcaya Argentaria,Spain,"115,675",352,"$45,766 ",15.00%,"$6,752 ",22.70%,"$760,920 "
319,Orange,France,"130,307",271,"$45,721 ",-9.10%,"$2,257 ",719.30%,"$116,997 "
320,Jingye Group,China,"31,000",386,"$45,705 ",23.90%,$329 ,-63.00%,"$12,587 "
321,Sumitomo Mitsui Financial Group,Japan,"111,381",388,"$45,378 ",24.00%,"$5,954 ",-5.40%,"$2,037,280 "
322,GS Caltex,South Korea,"3,322",470,"$45,343 ",50.20%,"$2,161 ",135.10%,"$20,699 "
323,China Huadian,China,"92,857",326,"$45,113 ",5.30%,"$1,021 ",172.80%,"$148,926 "
324,Veolia Environnement,France,"202,210",427,"$45,105 ",33.80%,$753 ,57.50%,"$78,216 "
325,Barclays,Britain,"87,400",374,"$45,023 ",19.90%,"$7,309 ",-26.00%,"$1,820,526 "
326,United Airlines Holdings,U.S.,"92,795",-,"$44,955 ",82.50%,$737 ,-,"$67,358 "
327,Suncor Energy,Canada,"16,558",457,"$44,928 ",44.00%,"$6,975 ",112.30%,"$62,463 "
328,Thermo Fisher Scientific,U.S.,"130,000",355,"$44,915 ",14.50%,"$6,950 ",-10.00%,"$97,154 "
329,China Minsheng Banking,China,"62,615",273,"$44,582 ",-11.00%,"$5,243 ",-1.60%,"$1,051,974 "
330,ThyssenKrupp,Germany,"96,494",344,"$44,502 ",9.50%,"$1,229 ",-,"$36,671 "
331,AstraZeneca,Britain,"83,500",381,"$44,351 ",18.50%,"$3,288 ",2835.70%,"$96,483 "
332,Vale,Brazil,"64,516",231,"$44,287 ",-20.30%,"$18,788 ",-16.30%,"$86,894 "
333,Pegatron,Taiwan,"161,836",311,"$44,273 ",-2.20%,$507 ,-31.10%,"$20,718 "
334,Qualcomm,U.S.,"51,000",429,"$44,200 ",31.70%,"$12,936 ",43.00%,"$49,014 "
335,Woolworths Group,Australia,"197,773",272,"$44,126 ",-12.10%,"$5,754 ",271.70%,"$22,975 "
336,George Weston,Canada,"221,285",319,"$43,838 ",-0.20%,"$1,396 ",305.90%,"$36,139 "
337,Tata Motors,India,"81,811",370,"$43,661 ",15.50%,$301 ,-,"$40,936 "
338,Abbott Laboratories,U.S.,"115,000",325,"$43,653 ",1.30%,"$6,933 ",-2.00%,"$74,438 "
339,KB Financial Group,South Korea,"25,876",382,"$43,622 ",17.30%,"$3,405 ",-11.60%,"$557,387 "
340,SNCF Group,France,"276,271",335,"$43,594 ",6.10%,"$2,551 ",142.40%,"$141,949 "
341,China South Industries Group,China,"156,613",315,"$43,429 ",-2.10%,"$1,015 ",37.80%,"$59,633 "
342,Chubb,Switzerland,"34,000",338,"$43,166 ",5.40%,"$5,313 ",-37.80%,"$199,144 "
343,GSK,Britain,"69,400",294,"$43,035 ",-8.30%,"$18,439 ",205.80%,"$72,338 "
344,Coca-Cola,U.S.,"82,500",359,"$43,004 ",11.30%,"$9,542 ",-2.30%,"$92,763 "
345,Quanta Computer,Taiwan,"67,979",349,"$42,997 ",6.30%,$972 ,-19.30%,"$26,576 "
346,Fresenius,Germany,"282,024",316,"$42,954 ",-3.20%,"$1,443 ",-32.90%,"$81,535 "
347,UBS Group,Switzerland,"72,597",345,"$42,950 ",5.70%,"$7,630 ",2.30%,"$1,104,364 "
348,Jiangsu Shagang Group,China,"45,203",291,"$42,784 ",-9.10%,$558 ,-75.50%,"$49,903 "
349,America Movil,Mexico,"176,014",275,"$42,724 ",-14.00%,"$3,788 ",-60.10%,"$83,055 "
350,Mizuho Financial Group,Japan,"51,258",404,"$42,693 ",21.00%,"$4,104 ",-13.10%,"$1,915,460 "
351,Shanghai Construction Group,China,"51,353",321,"$42,522 ",-2.40%,$202 ,-65.50%,"$53,182 "
352,Oracle,U.S.,"143,000",348,"$42,440 ",4.80%,"$6,717 ",-51.10%,"$109,297 "
353,Rajesh Exports,India,135,437,"$42,306 ",29.60%,$178 ,31.70%,"$2,786 "
354,Deutsche Bank,Germany,"84,930",350,"$42,285 ",5.20%,"$5,701 ",96.70%,"$1,434,280 "
355,Telefónica,Spain,"103,651",300,"$42,063 ",-9.40%,"$2,115 ",-78.00%,"$116,988 "
356,China National Coal Group,China,"147,293",297,"$41,997 ",-10.00%,"$1,877 ",171.60%,"$70,504 "
357,KDDI,Japan,"49,659",281,"$41,902 ",-13.60%,"$5,005 ",-16.40%,"$89,782 "
358,Zurich Insurance Group,Switzerland,"59,498",179,"$41,750 ",-40.20%,"$4,603 ",-11.50%,"$377,782 "
359,Shanxi Coking Coal Group,China,"214,769",431,"$41,662 ",24.80%,$355 ,-,"$75,193 "
360,Xiaomi,China,"32,543",266,"$41,631 ",-18.20%,$368 ,-87.70%,"$39,655 "
361,Nucor,U.S.,"31,400",389,"$41,513 ",13.80%,"$7,607 ",11.40%,"$32,479 "
362,Continental,Germany,"199,038",312,"$41,449 ",-8.20%,$70 ,-95.90%,"$40,468 "
363,New Hope Holding Group,China,"123,933",356,"$41,426 ",5.80%,$8 ,-97.70%,"$49,488 "
364,Kuehne + Nagel International,Switzerland,"75,194",396,"$41,278 ",15.00%,"$2,770 ",24.60%,"$15,951 "
365,Enbridge,Canada,"12,050",375,"$40,964 ",9.10%,"$2,308 ",-53.30%,"$132,581 "
366,TIAA,U.S.,"16,070",347,"$40,911 ",0.90%,$494 ,-87.80%,"$634,457 "
367,RWE,Germany,"18,278",495,"$40,352 ",39.20%,"$2,858 ",235.20%,"$147,831 "
368,China Electronics,China,"184,940",324,"$40,326 ",-6.50%,($501),-,"$61,129 "
369,Massachusetts Mutual Life Insurance,U.S.,"10,662",395,"$40,281 ",12.20%,"$1,485 ",365.00%,"$381,336 "
370,L'Oréal,France,"87,369",367,"$40,241 ",5.40%,"$6,002 ",10.40%,"$49,983 "
371,LG Chem,South Korea,"40,000",369,"$40,241 ",6.40%,"$1,430 ",-55.40%,"$54,035 "
372,Hyundai Mobis,South Korea,"33,125",390,"$40,210 ",10.30%,"$1,925 ",-6.30%,"$44,045 "
373,Zijin Mining Group,China,"48,836",407,"$40,187 ",15.20%,"$2,979 ",22.60%,"$44,372 "
374,Korea Gas,South Korea,"4,254",-,"$40,069 ",66.60%,"$1,157 ",39.20%,"$49,624 "
375,Meiji Yasuda Life Insurance,Japan,"47,385",377,"$40,018 ",6.70%,$634 ,-60.80%,"$367,499 "
376,Olam Group,Singapore,"62,467",406,"$39,836 ",13.90%,$457 ,-10.70%,"$23,828 "
377,S.F. Holding,China,"162,823",441,"$39,765 ",23.80%,$918 ,38.70%,"$31,439 "
378,CPC,Taiwan,"16,682",475,"$39,427 ",31.30%,"($6,299)",-,"$31,702 "
379,General Dynamics,U.S.,"106,500",361,"$39,407 ",2.40%,"$3,390 ",4.10%,"$51,585 "
380,Guangzhou Municipal Construction Group,China,"44,825",360,"$39,258 ",1.60%,$150 ,3.20%,"$28,664 "
381,China National Nuclear,China,"181,700",364,"$39,054 ",1.90%,"$1,281 ",8.00%,"$166,795 "
382,JFE Holdings,Japan,"64,241",358,"$38,925 ",0.20%,"$1,201 ",-53.10%,"$41,616 "
383,Intesa Sanpaolo,Italy,"95,574",298,"$38,836 ",-16.60%,"$4,579 ",-7.50%,"$1,041,054 "
384,MS&AD Insurance Group Holdings,Japan,"38,584",309,"$38,796 ",-15.10%,"$1,193 ",-49.00%,"$188,341 "
385,China Taiping Insurance Group,China,"68,386",334,"$38,706 ",-5.80%,$116 ,-75.50%,"$182,634 "
386,Capital One Financial,U.S.,"55,943",443,"$38,373 ",19.80%,"$7,360 ",-40.60%,"$455,249 "
387,HF Sinclair,U.S.,"5,223",-,"$38,205 ",107.80%,"$2,923 ",423.50%,"$18,126 "
388,Phoenix Pharma,Germany,"35,178",394,"$38,045 ",5.40%,$252 ,21.20%,"$14,784 "
389,Shudao Investment Group,China,"48,713",413,"$38,019 ",10.00%,$646 ,50.80%,"$172,256 "
390,J. Sainsbury,Britain,"107,000",342,"$37,910 ",-7.20%,$249 ,-73.10%,"$32,347 "
391,Shenzhen Investment Holdings,China,"103,117",372,"$37,888 ",0.80%,$907 ,-45.00%,"$153,290 "
392,Nutrien,Canada,"24,700",-,"$37,884 ",36.70%,"$7,660 ",142.90%,"$54,586 "
393,Dollar General,U.S.,"170,000",419,"$37,845 ",10.60%,"$2,416 ",0.70%,"$29,083 "
394,Magna International,Canada,"158,000",392,"$37,840 ",4.40%,$592 ,-60.90%,"$27,789 "
395,Jardine Matheson,China,"425,000",397,"$37,724 ",5.20%,$354 ,-81.20%,"$89,148 "
396,China Datang,China,"89,210",411,"$37,606 ",8.40%,$182 ,-,"$123,159 "
397,Ecopetrol,Colombia,"18,903",-,"$37,547 ",52.90%,"$7,435 ",77.70%,"$62,548 "
398,X5 Retail Group,Netherlands,"353,196",477,"$37,494 ",25.30%,$651 ,12.20%,"$18,224 "
399,Power Corp. of Canada,Canada,"37,300",232,"$37,419 ",-32.60%,"$1,510 ",-36.20%,"$541,559 "
400,China Aerospace Science & Industry,China,"141,260",341,"$37,371 ",-8.50%,"$2,167 ",2.80%,"$75,170 "
401,GasTerra,Netherlands,101,-,"$37,338 ",140.30%,$38 ,-11.00%,"$17,109 "
402,Longfor Group Holdings,China,"31,565",412,"$37,249 ",7.60%,"$3,622 ",-2.10%,"$114,072 "
403,La Poste,France,"238,033",340,"$37,224 ",-9.00%,"$1,265 ",-48.30%,"$824,922 "
404,Arrow Electronics,U.S.,"22,300",415,"$37,124 ",7.70%,"$1,427 ",28.80%,"$21,763 "
405,Occidental Petroleum,U.S.,"11,973",-,"$37,095 ",38.60%,"$13,304 ",473.00%,"$72,609 "
406,Caixa Econômica Federal,Brazil,"86,959",-,"$37,066 ",55.40%,"$1,894 ",-40.00%,"$300,664 "
407,Mitsubishi Electric,Japan,"149,655",351,"$36,967 ",-7.20%,"$1,580 ",-12.80%,"$42,056 "
408,Northwestern Mutual,U.S.,"8,323",387,"$36,921 ",0.50%,$912 ,-6.70%,"$340,390 "
409,Travelers,U.S.,"32,175",410,"$36,884 ",5.90%,"$2,842 ",-22.40%,"$115,717 "
410,Shougang Group,China,"91,165",328,"$36,853 ",-12.40%,$189 ,-10.30%,"$75,225 "
411,Hangzhou Iron and Steel Group,China,"11,771",336,"$36,818 ",-10.20%,$246 ,-29.70%,"$11,939 "
412,Xinjiang Zhongtai Group,China,"42,193",434,"$36,762 ",11.80%,$112 ,133.30%,"$21,604 "
413,Northrop Grumman,U.S.,"95,000",399,"$36,602 ",2.60%,"$4,896 ",-30.10%,"$43,755 "
414,Guangzhou Industrial Investment Holdings,China,"88,022",-,"$36,589 ",29.60%,$234 ,-54.20%,"$42,301 "
415,Bank of Nova Scotia,Canada,"90,979",456,"$36,390 ",16.50%,"$7,701 ",0.60%,"$989,455 "
416,Hapag-Lloyd,Germany,"14,248",-,"$36,331 ",38.00%,"$17,912 ",66.90%,"$41,279 "
417,USAA,U.S.,"36,820",379,"$36,297 ",-3.10%,"($1,296)",-139.30%,"$204,005 "
418,Daiwa House Industry,Japan,"49,768",354,"$36,261 ",-8.20%,"$2,278 ",13.60%,"$46,271 "
419,Haier Smart Home,China,"109,586",405,"$36,201 ",2.60%,"$2,187 ",8.00%,"$34,194 "
420,Compal Electronics,Taiwan,"73,120",317,"$36,040 ",-18.50%,$245 ,-45.90%,"$14,767 "
421,Schneider Electric,France,"135,000",420,"$35,945 ",5.20%,"$3,657 ",-3.50%,"$62,279 "
422,Finatis,France,"188,864",380,"$35,851 ",-4.30%,($155),-,"$35,065 "
423,ELO Group,France,"166,397",371,"$35,799 ",-5.00%,$35 ,-91.50%,"$22,010 "
424,Naturgy Energy Group,Spain,"7,112",-,"$35,723 ",31.10%,"$1,734 ",20.80%,"$43,096 "
425,Honeywell International,U.S.,"97,000",417,"$35,466 ",3.10%,"$4,966 ",-10.40%,"$62,275 "
426,Guangzhou Pharmaceutical Holdings,China,"35,057",467,"$35,383 ",16.10%,$311 ,-2.70%,"$11,489 "
427,Guangdong Guangxin Holdings,China,"40,613",-,"$35,368 ",27.20%,$356 ,11.40%,"$18,453 "
428,ACS,Spain,"116,702",365,"$35,355 ",-7.70%,$703 ,-80.50%,"$40,098 "
429,Vibra Energia,Brazil,"3,364",-,"$35,155 ",45.70%,$298 ,-35.70%,"$7,777 "
430,Anglo American,Britain,"105,000",331,"$35,118 ",-15.50%,"$4,514 ",-47.30%,"$67,407 "
431,Taikang Insurance Group,China,"59,011",346,"$34,837 ",-14.20%,"$1,615 ",-57.80%,"$197,971 "
432,Shaanxi Construction Engineering Holding,China,"36,715",-,"$34,735 ",22.50%,$391 ,11.80%,"$56,144 "
433,Bank of Montreal,Canada,"46,722",-,"$34,730 ",33.30%,"$10,513 ",70.50%,"$835,312 "
434,CRRC Group,China,"170,184",385,"$34,697 ",-6.10%,$902 ,1.50%,"$74,224 "
435,Coop Group,Switzerland,"82,054",428,"$34,684 ",3.10%,$589 ,-3.70%,"$23,736 "
436,TongLing Nonferrous Metals Group,China,"21,797",400,"$34,590 ",-2.60%,$5 ,-90.00%,"$14,646 "
437,SK Hynix,South Korea,"31,944",373,"$34,567 ",-8.00%,"$1,727 ",-79.40%,"$82,571 "
438,Shanghai Pharmaceuticals Holding,China,"47,877",430,"$34,486 ",3.10%,$835 ,5.70%,"$28,727 "
439,Lufthansa Group,Germany,"93,083",-,"$34,466 ",73.40%,$832 ,-,"$46,238 "
440,Shandong Hi-Speed Group,China,"54,097",458,"$34,455 ",10.70%,$445 ,-35.10%,"$191,751 "
441,Suzuki Motor,Japan,"70,012",449,"$34,292 ",8.00%,"$1,634 ",14.40%,"$34,486 "
442,Mitsubishi Chemical Group,Japan,"68,639",401,"$34,239 ",-3.30%,$710 ,-55.00%,"$43,498 "
443,3M,U.S.,"92,000",402,"$34,229 ",-3.20%,"$5,777 ",-2.40%,"$46,455 "
444,Inditex,Spain,"116,323",438,"$34,119 ",4.70%,"$4,327 ",13.50%,"$32,556 "
445,British American Tobacco,Britain,"52,077",403,"$34,096 ",-3.50%,"$8,219 ",-12.10%,"$184,670 "
446,US Foods Holding,U.S.,"29,000",485,"$34,057 ",15.50%,$265 ,61.60%,"$12,773 "
447,Sompo Holdings,Japan,"49,057",383,"$34,037 ",-8.30%,$673 ,-66.40%,"$108,937 "
448,Magnit,Russia,"361,000",-,"$33,849 ",34.40%,$402 ,-38.40%,"$18,817 "
449,Warner Bros. Discovery,U.S.,"37,500",-,"$33,817 ",177.40%,"($7,371)",-832.70%,"$134,001 "
450,Lennar,U.S.,"12,012",-,"$33,671 ",24.10%,"$4,614 ",4.20%,"$37,984 "
451,Shanghai Delong Steel Group,China,"46,403",469,"$33,534 ",10.50%,$253 ,-67.80%,"$21,003 "
452,Poste Italiane,Italy,"121,033",378,"$33,528 ",-10.60%,"$1,584 ",-15.10%,"$279,155 "
453,CK Hutchison Holdings,China,"300,000",393,"$33,523 ",-7.20%,"$4,684 ",8.70%,"$147,143 "
454,Fomento Económico Mexicano,Mexico,"354,309",-,"$33,482 ",22.00%,"$1,189 ",-15.40%,"$41,002 "
455,D.R. Horton,U.S.,"13,237",-,"$33,480 ",20.50%,"$5,858 ",40.30%,"$30,351 "
456,Jabil,U.S.,"250,000",490,"$33,478 ",14.30%,$996 ,43.10%,"$19,717 "
457,Samsung C&T,South Korea,"17,647",474,"$33,436 ",11.10%,"$1,584 ",10.80%,"$46,887 "
458,Cheniere Energy,U.S.,"1,551",-,"$33,428 ",110.70%,"$1,428 ",-,"$41,266 "
459,CRH,Ireland,"75,800",460,"$33,368 ",7.70%,"$3,847 ",50.00%,"$45,188 "
460,Linde,Britain,"65,010",463,"$33,364 ",8.30%,"$4,147 ",8.40%,"$79,658 "
461,DSV,Denmark,"76,283",496,"$33,321 ",14.90%,"$2,484 ",39.40%,"$22,827 "
462,Broadcom,U.S.,"20,000",-,"$33,203 ",21.00%,"$11,495 ",70.70%,"$73,249 "
463,Wistron,Taiwan,"65,000",462,"$33,064 ",7.10%,$375 ,-,"$14,097 "
464,Anhui Conch Group,China,"61,637",353,"$32,991 ",-16.90%,$871 ,-54.70%,"$43,732 "
465,Beijing Jianlong Heavy Industry Group,China,"56,300",363,"$32,878 ",-14.30%,$229 ,-58.80%,"$25,337 "
466,Hunan Iron & Steel Group,China,"35,492",421,"$32,723 ",-3.90%,"$1,176 ",-7.30%,"$22,772 "
467,Meituan,China,"91,932",-,"$32,699 ",17.70%,($994),-,"$35,446 "
468,Lu’an Chemical Group,China,"109,599",422,"$32,596 ",-4.30%,$88 ,-,"$49,859 "
469,Compass Group,Britain,"513,707",-,"$32,564 ",32.90%,"$1,421 ",190.90%,"$20,870 "
470,Aisin,Japan,"116,649",409,"$32,528 ",-6.70%,$278 ,-78.00%,"$31,157 "
471,Canadian Natural Resources,Canada,"10,035",-,"$32,503 ",35.60%,"$8,404 ",37.50%,"$56,206 "
472,SAP,Germany,"111,961",433,"$32,469 ",-1.40%,"$2,402 ",-61.30%,"$76,994 "
473,Starbucks,U.S.,"402,000",492,"$32,250 ",11.00%,"$3,282 ",-21.90%,"$27,978 "
474,Metro,Germany,"86,910",482,"$32,186 ",8.80%,($361),-,"$12,574 "
475,Molina Healthcare,U.S.,"15,000",-,"$31,974 ",15.10%,$792 ,20.20%,"$12,314 "
476,Tongwei Group,China,"42,381",-,"$31,944 ",90.30%,"$1,637 ",230.30%,"$23,181 "
477,Uber Technologies,U.S.,"32,800",-,"$31,877 ",82.60%,"($9,141)",-,"$32,109 "
478,New China Life Insurance,China,"32,564",416,"$31,861 ",-7.60%,"$1,460 ",-37.00%,"$181,964 "
479,Luxshare Precision Industry,China,"236,932",-,"$31,817 ",33.30%,"$1,362 ",24.30%,"$21,514 "
480,Philip Morris International,U.S.,"79,800",454,"$31,762 ",1.10%,"$9,048 ",-0.70%,"$61,681 "
481,CJ Corp.,South Korea,"67,361",472,"$31,703 ",5.20%,$157 ,-34.90%,"$38,348 "
482,Medtronic,Ireland,"95,000",473,"$31,686 ",5.20%,"$5,039 ",39.70%,"$90,981 "
483,China National Aviation Fuel Group,China,"13,796",414,"$31,650 ",-8.30%,$411 ,-4.60%,"$10,472 "
484,Netflix,U.S.,"12,800",481,"$31,616 ",6.50%,"$4,492 ",-12.20%,"$48,595 "
485,Migros Group,Switzerland,"70,880",450,"$31,576 ",-0.30%,$491 ,-32.90%,"$87,312 "
486,NRG Energy,U.S.,"6,603",-,"$31,543 ",16.90%,"$1,221 ",-44.20%,"$29,146 "
487,Mondelez International,U.S.,"91,000",498,"$31,496 ",9.70%,"$2,717 ",-36.80%,"$71,161 "
488,Air Liquide,France,"67,109",-,"$31,483 ",14.10%,"$2,902 ",-4.60%,"$52,836 "
489,Danaher,U.S.,"80,000",486,"$31,471 ",6.90%,"$7,209 ",12.10%,"$84,350 "
490,Siemens Energy,Germany,"92,000",423,"$31,367 ",-7.80%,($437),-,"$50,052 "
491,Salesforce,U.S.,"79,390",-,"$31,352 ",18.30%,$208 ,-85.60%,"$98,849 "
492,Paramount Global,U.S.,"27,400",483,"$31,331 ",5.90%,"$1,104 ",-75.70%,"$58,393 "
493,Chengdu Xingcheng Investment Group,China,"39,094",466,"$31,304 ",2.50%,$186 ,-45.60%,"$157,644 "
494,Bridgestone,Japan,"129,260",484,"$31,298 ",5.80%,"$2,287 ",-36.30%,"$37,612 "
495,Guangxi Investment Group,China,"33,856",445,"$31,263 ",-2.20%,$84 ,6.50%,"$108,649 "
496,Samsung Life Insurance,South Korea,"5,224",464,"$31,243 ",1.90%,"$1,227 ",-4.50%,"$251,332 "
497,Sumitomo Life Insurance,Japan,"45,336",442,"$31,218 ",-2.60%,"$1,033 ",154.40%,"$321,398 "
498,CarMax,U.S.,"30,621",432,"$31,126 ",-6.20%,$485 ,-57.90%,"$26,183 "
499,Mitsubishi Heavy Industries,Japan,"76,859",418,"$31,050 ",-9.60%,$964 ,-4.60%,"$41,245 "
500,Xinjiang Guanghui Industry Investment,China,"74,069",453,"$30,922 ",-1.90%,$159 ,143.10%,"$37,332 "
